{"cameraMode":{"drawMode":0,"name":"Shaded","section":"Shading Mode"},"sceneLighting":false,"audioPlay":false,"sceneViewState":{"m_AlwaysRefresh":false,"showFog":true,"showSkybox":true,"showFlares":true,"showImageEffects":true,"showParticleSystems":true,"showVisualEffectGraphs":true,"m_FxEnabled":true},"in2DMode":false,"pivot":{"x":6.533578872680664,"y":-18.588043212890626,"z":-24.408905029296876},"rotation":{"x":-0.020813757553696634,"y":-0.9788584113121033,"z":0.15576934814453126,"w":-0.13085976243019105},"size":40.849205017089847,"orthographic":false}