{"cameraMode":{"drawMode":0,"name":"Shaded","section":"Shading Mode"},"sceneLighting":false,"audioPlay":false,"sceneViewState":{"m_AlwaysRefresh":false,"showFog":true,"showSkybox":true,"showFlares":true,"showImageEffects":true,"showParticleSystems":true,"showVisualEffectGraphs":true,"m_FxEnabled":true},"in2DMode":false,"pivot":{"x":3.105287551879883,"y":-4.785763740539551,"z":-26.530750274658204},"rotation":{"x":-0.0012914927210658789,"y":-0.9948327541351318,"z":0.10062902420759201,"w":-0.012831388041377068},"size":22.28028678894043,"orthographic":false}