{"cameraMode":{"drawMode":0,"name":"Shaded","section":"Shading Mode"},"sceneLighting":false,"audioPlay":false,"sceneViewState":{"m_AlwaysRefresh":false,"showFog":true,"showSkybox":true,"showFlares":true,"showImageEffects":true,"showParticleSystems":true,"showVisualEffectGraphs":true,"m_FxEnabled":true},"in2DMode":false,"pivot":{"x":-2.2699999809265138,"y":1.5499999523162842,"z":-30.739999771118165},"rotation":{"x":0.05173923820257187,"y":-0.9478178024291992,"z":0.2367819845676422,"w":0.20708097517490388},"size":0.9804508090019226,"orthographic":false}