{"cameraMode":{"drawMode":0,"name":"Shaded","section":"Shading Mode"},"sceneLighting":false,"audioPlay":false,"sceneViewState":{"m_AlwaysRefresh":false,"showFog":true,"showSkybox":true,"showFlares":true,"showImageEffects":true,"showParticleSystems":true,"showVisualEffectGraphs":true,"m_FxEnabled":true},"in2DMode":false,"pivot":{"x":1.3941693305969239,"y":-0.6686668395996094,"z":6.1686859130859379},"rotation":{"x":-0.06902887672185898,"y":-0.08012280613183975,"z":0.005561786238104105,"w":-0.9943650960922241},"size":16.44605827331543,"orthographic":false}