{"cameraMode":{"drawMode":0,"name":"Shaded","section":"Shading Mode"},"sceneLighting":false,"audioPlay":false,"sceneViewState":{"m_AlwaysRefresh":false,"showFog":true,"showSkybox":true,"showFlares":true,"showImageEffects":true,"showParticleSystems":true,"showVisualEffectGraphs":true,"m_FxEnabled":true},"in2DMode":false,"pivot":{"x":10.190898895263672,"y":8.239412307739258,"z":18.956382751464845},"rotation":{"x":-0.05179111659526825,"y":-0.29879942536354067,"z":0.016254780814051629,"w":-0.952761709690094},"size":30.24384307861328,"orthographic":false}