{"cameraMode":{"drawMode":0,"name":"Shaded","section":"Shading Mode"},"sceneLighting":false,"audioPlay":false,"sceneViewState":{"m_AlwaysRefresh":false,"showFog":true,"showSkybox":true,"showFlares":true,"showImageEffects":true,"showParticleSystems":true,"showVisualEffectGraphs":true,"m_FxEnabled":true},"in2DMode":false,"pivot":{"x":0.5180337429046631,"y":-11.28810977935791,"z":-25.54327964782715},"rotation":{"x":0.006662212777882814,"y":-0.9812382459640503,"z":0.18953447043895722,"w":0.034457702189683917},"size":26.115562438964845,"orthographic":false}