{"cameraMode":{"drawMode":0,"name":"Shaded","section":"Shading Mode"},"sceneLighting":false,"audioPlay":false,"sceneViewState":{"m_AlwaysRefresh":false,"showFog":true,"showSkybox":false,"showFlares":true,"showImageEffects":true,"showParticleSystems":true,"showVisualEffectGraphs":true,"m_FxEnabled":true},"in2DMode":false,"pivot":{"x":0.15568554401397706,"y":0.4161142110824585,"z":-0.5927510261535645},"rotation":{"x":-0.13991796970367433,"y":0.22858843207359315,"z":-0.033218592405319217,"w":-0.9628331065177918},"size":0.8660253882408142,"orthographic":false}